prompt_id,language,dialect,text_ar,english_gloss
msa_01,ar,MSA,وضع الموظف الملف على الرف الثاني.,The employee put the file on the second shelf.
msa_02,ar,MSA,وضعت الكتاب على الطاولة قرب النافذة.,I put the book on the table near the window.
msa_03,ar,MSA,سأذهب إلى السوق بعد انتهاء العمل.,I will go to the market after work ends.
msa_04,ar,MSA,وصلت الحافلة في الساعة السابعة صباحًا.,The bus arrived at seven in the morning.
msa_05,ar,MSA,يوجد كوب من الماء بجانب الحاسوب.,There is a cup of water beside the computer.
msa_06,ar,MSA,فتحنا الباب ثم دخلنا إلى الغرفة.,We opened the door and then entered the room.
msa_07,ar,MSA,سأتصل بك عندما أصل إلى المنزل.,I will call you when I arrive home.
msa_08,ar,MSA,قرأت الرسالة ثم وضعت هاتفي على الطاولة.,I read the message and then put my phone on the table.
msa_09,ar,MSA,الطريق إلى المدرسة يمر بجانب الحديقة.,The road to the school passes beside the park.
msa_10,ar,MSA,سنلتقي غدًا في المكان نفسه.,We will meet tomorrow in the same place.
msa_11,ar,MSA,اشتريت بعض الخبز والحليب من المتجر.,I bought some bread and milk from the store.
msa_12,ar,MSA,كان الظرف داخل الدرج الصغير.,The envelope was inside the small drawer.
